"concept_id:ID","name",":LABEL"
"b4c4ea0bf4651381e2dec58e420570363627a3370599d0dee56bec1df0ba887a","tabs","Concept"
"67f31a09dd2cff5528b2a288dbdb0b757dcdec3d74fa83df40fedbdc54258276","algorithm","Concept"
"d3c70ef1bddc341aea72cfa3df7f8886ab78cee51d9f607bd401eb44e5078721","phase","Concept"
"d16906d0682177e82b60db830025b85fd0e0c3f65a12485bbd3fbc680b9cfa46","hosts","Concept"
"76a345f8470c2f015fa1a30a5976a1871c0e5732c652a3183589eec6b905e063","confirmation","Concept"
"8d0f8d3e83e1f623d135a391e92b3230959849bd817f855c1eb85d01082f46ee","acceptance","Concept"
"d73a0ae7b5030e144381c82acebb77505528b7799c05310af9c1f593cf165574","greed","Concept"
"2c2456b0f322068b02a88af93f84d831d9dbf7c6a5e8fe5c8db0c230088b5da2","term","Concept"
"4ba67e57773b00b32174ab66c9edc6306661bdafc208dc9da93efd1350959da9","hiring","Concept"
"6618ea2051dde14862e2054690599ea2ff3bff28bade129204554bb07a3d4931","problem","Concept"
"c61ed504aa5e6b9e554bf5e081321d5d1b0daf850074c92822554368a5172a6d","adjective","Concept"
"e9c30e00d06b10b3705d9efc0135de1efae30fa24ebc6cecd0c242420d15b3d6","electrical","Concept"
"5a42584f38997e32a92031a7e4a24cc2d655e65600a1be1a88b3d1ee93367caf","guidance","Concept"
"fa408a4c61ddf7abbfbdd026db521bdd73658505b160190cf1da10351586cded","chain","Concept"
"3e804b42c06bc8ad22095933e721c07747be8ed6d3f3d80160ca4d304b0e27b1","farewell","Concept"
"2ea4d8762c52ac42133989708a3c545028565f01b63cdcdf2d799040d2e34fd2","requirement","Concept"
"53a272bdab8e65ecc1e949ccaf975f2716d03c99b5d34df95b66bd6197a33449","functionality","Concept"
"59fc8e3d1fa6a6c1912d7cf4a1c40d726c55a6a0548623ec7c6c9929f6405e0d","interface","Concept"
"272f96aac6bc2baf4a1797005bc0cffb760ddbb9410a9522c9c1a533862ae246","systems","Concept"
"065097d18b19532e01c8756c97593c103cebc2a34d90c10010cb460b56613fa9","tutorial","Concept"
"d6133bed3dc9cec3315eb69fd6288b4698d7b24b57675e0bc43a21147dbbe839","sequence","Concept"
"0f2d8be743adcc62e12abfa83515c0f2f4981162d64a1a21482963c1e652e1fd","comment","Concept"
"2669b673a157a8deff9fdd5ddb8eeb98e35d72b8a9c76173adb97235dc250df5","combination","Concept"
"b2ae948d1014bc2907c0244d3b10d811b8e9f77c7380b26b8fc00b14027ca028","details","Concept"
"d3893e56a6f6874d0657bafb529615aa02292017f10a47fb86d644522f6a5d6e","industry","Concept"
"1157701535f4e651608199491d7493ae418679569f4837434cb9ee6ddcacb17d","actor","Concept"
"98c913f7f4b4254679028122f2c7311db6e74d213453c70a86378af6b787ee0d","job","Concept"
"83f3b05659b1f63a829ec68723e78bd9c61183d6391bae93fda47041806f0c87","communication","Concept"
"e05e18f29eb761a81df704f7487f5791563786189b123dcb617e74910b9bc219","pending","Concept"
"959949f912e35a31a62c759854cdb4e0ffd7381ddb485d9b120e9dc30a42b247","patches","Concept"
"21dcf5ae5f388a8a1fec310f824e9790b790868c4e755aecc82b0d02442ed21f","tolerance","Concept"
"adecb96e38b5e6c30c6ef250c64474affd2fb36af817e593431b8b5113f57bb3","advantage","Concept"
"883a98857de6fe4edcff814edeaf3d239ee1a92c5401916544edf500d61c5473","idea","Concept"
"4472c978559c1799242f7417186be36317ec5200c96516dab742e4fe9c88f25b","output","Concept"
"44eb7040aa32b7691faf013d0f09e9a72d06e18a52ff6be05749ef39c5d0bf3b","method","Concept"
"f7db5b263bea3d3415d6a9049b447fcee59612b0cbb99c7f4a7e34ff48ee3ae3","wiring","Concept"
"b3699483af9258b9091f2b6c48a66e236a291b0b102caecfa58f4309b12f739b","week","Concept"
"51712d0b35765f205ee42c983da6e86b368e0033da91c48e54e144a9826c1c97","adherent","Concept"
"df13d145e488af4e9d9ef97992bc2097e45e7a7abdd8007c2c95461741a5b509","application","Concept"
"01069750d7be17d04a065163debe71e326c994e7a1c95f3194d933f490a8211f","mechanical aid","Concept"
"7ca3361367b3710e75e824779db2b46e493aa8dd45f0e933fbf829572f7e149f","assembly aid","Concept"
"dd10fcf5c368049fbc42b5b6543cbdf6bb7f73a141b8a03e6020410b88dfe37f","coupon","Concept"
"1ffc9843e66ffa33e52516df89ef6077e917e5cc4a02bccd386d06722176bfc2","dispute","Concept"
"420d6aed65f3d7122b929a69bbdd10d0cff4386606ba83f2ceae2d0d472c7803","phrase","Concept"
"c413b8cc4a04cc9e6510093b1eb5bf758db655cc85336d44ed4984a406439037","market","Concept"
"8218d4e720df13cda9db640f764d60e4e8d7d06d622d6a6b4d1b60408e534c3b","reference","Concept"
"a32fe3d9f7471a29f9b1a8f0f72c77c874508e4681a4b7eef616a24758c7d010","storage","Concept"
"f0bcaa1698a50e1c8c24c16665121ac92bb3e443c7f2d14d7762043c754a52c5","inclusion","Concept"
"8ba544c1a7a1268127053d1a31e8497e7f0bacb99b2145db78cb42961876f811","grip","Concept"
"05993b70fb3cfe8764221b15f8aaa151022da09204d138ef3928275c2bc795f8","update","Concept"
"e4fe169983dc863c6e3cb65ddcdb8ef553adbe810d9a0a3eaa860764a9dca9d6","rollout","Concept"
"bf0bd81d041c39fa5e3dac78cd870e2c76f9e47c825eb1fd4b2d80794cf1e094","character","Concept"
"7a31920986d7dace56c96f75f2318cc2c10bff52e2164b7d15c0611d43a9a625","priorities","Concept"
"22df1ce6491b5879627469e4976b0740b085976b49a50b4069803f18ca43589e","completion","Concept"
"62da9b6acf9f9f072f0c5c520396dabfe0ad204125656178f473727a715c981c","sales","Concept"
"4fe34f3aabcdf34a498b067215736ca86a9e230ab34b2ced2f2ead908ceb9699","connection","Concept"
"2a50241214f3f33eb243dc203b3eb65880f934de3615bf0370b1636ec97939cc","plan","Concept"
"21a7ba20a9a5faa03e606438bdfb80edf9c700dcac19b7ee78b00857e64ec4d5","structures","Concept"
"ba81f1c25a791cf3685899628210e576a01e6ba4fbf85a50b05b9819ee442dac","discrepancy","Concept"
"2935ae2a2cac3f2f72ed011f4fa6e7841dc98cfe724382a63b82c714d54997ed","message","Concept"
"7301badb93d9b543fcf3d03edc74488206bcf0b75415df8e94f373a2e9c6b84b","technology","Concept"
"fb82d23868c646fba8352b0f4787e8ec7097dd4938035578be5e0d159830e71a","nation","Concept"
"224c540118f34355550f8ce2f41be6cae5bfff0a6ff61429e7ec994886641a27","deployment","Concept"
"b886c9fa9efe719d355df6639f7538f6428438cb27ae9084e2e0c210b8b4e1d9","meeting","Concept"
"37e67da7f10029e684c1c96929c8434d3c494418113c5dad2fdfd1ed94ccb157","manufacturing","Concept"
"d0795d54adf7f7d4b9cde443c0cd3b612c867fffc4315b8fbdcff3c69dbf26d1","note","Concept"
"1f0437a49c2cce974431b094c6484747c09be7206ee8df8e3fd4a4f34a79fcaf","redesign","Concept"
"df71f830aea0f37494d6039f94978f751cbe58b0c2b640d850f68bf1af28fa26","office","Concept"
"169079137965eab11babf511e34dd6b8cdadf8283b048410f8ad42ab167c871f","meetup","Concept"
"24a316641d70a502bf78858b3c32a057f058d4631d8f056eb888f895c40199c6","devotee","Concept"
"4506418dc6d57f288e56fd1561ce307f93be7ea39ebba3352d27231b9b16b3d5","employment","Concept"
"17da04534e8f63b64ad9f484b38d2a9cd9bc8a6c8e90bd78957c999c6370bff1","report","Concept"
"e8c7537954a3908acf174da5550ed877f54f3059af4915bad2da1522fd36bfca","packaging","Concept"
"aa6fc4f7166e5aab1ea385649e32978e285adcd7742359e7ce47b80bb1188d60","labelling","Concept"
"5f5ff593fcf6835193995b6e32167103eea3f60d16c6d129a948845e741d6b7d","samples","Concept"
"a5e62919bdc4c15395a9e6f56adec646f74c447774275cd516b8e809a8dd53da","dehumidifier","Concept"
"876a7f2dd68b548ffa4e349526bfceec2a1cf410dc777adaf2041560e1d964bd","solvent","Concept"
"7662b427409343b17a125e8b96d4919524a472f51ec3ce3e713ac7128ced7884","speech","Concept"
"21c49802605967ebecf4ff46085fd7e067c19f06e387e6bd09288ad64140cefb","minutes","Concept"
"33851bdc4608da7542753e9edf1dc2e95d670ff864e26a1f3353279b2b0ef8c5","progress","Concept"
"b2a6d62a711561107aa32cdc65c4e2d58b7c0f9f1d01612ba34762a92322d11d","animal","Concept"
"6a6d182831bf4947b9e72dfbb6a28130fa791e766ba1d699d375e7faa9c61394","session","Concept"
"ae692752633fa18a3d4c0514ee302c1ca8567bd6a4bca5391dcc73453573d564","volatility","Concept"
"dc2c379ba3c8de2502d373c20f487a3ebdf4ead50242910ef27ebc72af4ad361","tests","Concept"
"9a07bb5dea22688734e8529b9d07fa6a2e19d13487c8a045a6cbf0338dba6d44","tendering","Concept"
"e7f5ffe104ca28600ce50c703d1c0ef04e6ea888cdd0089e4ee7f9b8a4f16e12","handling","Concept"
"4f9605639abf071a3ed8eee860384579525fea834943222675ca6a888b921aad","device","Concept"
"8e12320f7c966d61f636ab4929d5083cc710001d4820bcb6a2d28d54c25976cf","electronic","Concept"
"b59c4aa945d52f96b38a19aa40ffa30762962c2b4d451ee1869bc8c33f1e7491","duplication","Concept"
"25f410e338f531659ec1ce966633b650fcf7e63d9a0d082dfb71b94a621f1a4a","temperature","Concept"
"0cd464d03c125278f191c3a512b0d4815674c1e8eaa0f902f43f3e886a70fbf3","configuration","Concept"
"4571faab4338f717501abab5c86b6ffd73a9e1f665840a342d58e8dbdeb2ac95","process","Concept"
"05a2940d88330ff8b337cae848cda130d764d2e74087a427d77f0f141511eef2","devices","Concept"
"12700c5656832b1281333c5dc35dc7d070632b8bf9979aae984b6f5cc5a2e427","element","Concept"
"b01c78a14e300807747dad9627fb8caedfcc97d6e140c7266be5c89008bdc82d","mounting","Concept"
"63dd0f7a9bf5d006254d395df3ccb223dd9fa83dab4ae1af9c3dc1c5f93ec6e4","marking","Concept"
"8938256440bbc1148eea83bb247e0d0e39db2273ed82dd390c388e350abe6312","code","Concept"
"d225870af1802ac1e7eb47b778e30b7746363292e7ca19bad9ff449d809779a3","producer","Concept"
"f0b92eeefbd422b2a946369b5c7436e0978dbc3c836b06549239ccc39550a5bd","contact","Concept"
"f9a0052f43bbad39e91d080b46b401874ba24f9ff1991180afd8f4555c80f3d3","trees","Concept"
"215e709d89b355d4165df15cc2d5318a2f6409023235e647f5a4a3057e57956a","lava","Concept"
"8e4fa96af3ee87b5c0e4cff1ca71a1237333ec8e5fc2210c908e035d77e52dc8","wires","Concept"
"972affb50b73af2c6f0e355eabf0d3b0bdbb29d79b5a6f5e7059cca0003b5591","business","Concept"
"1aa70037b514a74004bab904736171a73d8f311e86e55c52e86fbddf001371db","organization","Concept"
"c523dca97ce5154485bd232d2d59bee75092753a7915f54c45159710441a263b","papers","Concept"
"e44a5ad0c7f1163515370b4d005ecfb304b172c6dd915270a50c0f743c1c2566","documents","Concept"
"d1235a412aed6b20cba36e69b6cff998f0f30868bf511c446085a494ad205ca2","duo","Concept"
"580bbec55ba796bae05e664d07589d63e05793df5d0bc5c7cfb5a6d5b25ba05d","science","Concept"
"0f662430a65894fcda0933e34b922f40419ad13496d5842ac849558fd592b56e","companion","Concept"
"a1d8577c62823e4eeff1e32c8e1728eec5cfbe81526fd78e053eb9f2cb4f74e9","component","Concept"
"5272eb931a0178430bf20cf01456308c48639fed5212ff9f59436ff0aa3bd031","consistency","Concept"
"f0cf7e428befd8aed4b8d7e1b1967a444f75de4d4046099b173703904cec637f","bidding","Concept"
"58aeb4dbcafb2f4dfc2de11af895061bd59b0a08abd7491e79d0fe0c8d038b0f","exclusion","Concept"
"d4152451ef2480868b28f99819f0476a9d07a7eb81bf9b7ec2b69f42093e5c31","strategy","Concept"
"686d3c516e7a65f0895702303efdaa71f2b6fd4d1143babd9b2150d040ab57c4","margins","Concept"
"dbd581fdbb85696c1b3307d1e2446255f6dd13867087aee8a8b5d7ce37cb828d","investigation","Concept"
"a7ab8223a3d335e4dab2ad9056a15c7a08955a6ee12a5ab6189905c28e99c117","liquid","Concept"
"dcfd358d8de895e2cb21a1d7a2c3832f3dd642ae3d2dd85558b8faf43eee9043","calendar","Concept"
"a85efe8c4cbc17de1427f577fb9cb7d6349c6031745c8cb29785de7a212d9846","landing","Concept"
"8ee92657b2c9b242fade45714e3f22f12296c66135e95adf55028bb759ebeee5","molecule","Concept"
"ad73975a39f4d312d61ba105a936862e92d53aae4030a12dfcf72728499b79e5","procurement","Concept"
"64704a8008e16b8fcd34dade48159e4a08917b0cf886d281337bbbdbe7788048","repair","Concept"
"9325fd5da4a44513848881a53e31ccce532dc82cca7a5d6226eaf22a4ecd1419","environment","Concept"
"efa7f3a833a606fc963ad9f6750b06fc30931c3832c660e77499ae3d07271568","religion","Concept"
"65d89a46dff6c4a406b9ba1596a435d0480459d6d123736dacf1c4ffda5181c8","bart","Concept"
"0d0e23b35d9b8139a5f3e180fefdf987c4eb41e4a80303c128d980d29be3e3b9","supervision","Concept"
"a55108a840d1095eba2e0d7833f5dbeb60585ca12faa7cc39b0bcbe9e875dc89","change","Concept"
"c2b5cd57fa1b73e18a32ff8a3996f3c0c1fccccdecc3420ee2cc32abd3e1d014","politician","Concept"
"234e40650360b901661cd29de3949bb19c9b88135e38a1446a2a9be6fc43450b","plants","Concept"
"29554304da937897929573268fed03557094da164ac1e771611c5c18198bee96","exam","Concept"
"aeec71303c45da5ab049739fb75e41edd7a37814cfad17a3a995531fe434a42d","purge","Concept"
"f4174fb065ed74cf838cfe8074ddeca03829541559dc76a3b60888f0f72bf1e7","individuals","Concept"
"e4c9a3a84cc07a75f197bab470dbafe083f0c03bad9cb22667ac21620d121720","frame","Concept"
"a0f420f67493be9818b4187b6903a9c9e07924fb982dad0cac35504839741550","man's name","Concept"
"ca1bf3830c3c8fbc931625384c1e45a547960323c9d2ca38682c2651092049b1","concept","Concept"
"279708d8f6facb935aeea1c67fb0d7fe63c41ccfedd7fa4905365b2d09813590","permission","Concept"
"9195388208aaf7b07d0b25be82740da2da3b1a3d419c1c56f2c457249692fae0","board","Concept"
"f000988decce4a1c37201c5560926fd368c8d805f458408004dc929a701ef35b","controversy","Concept"
"9e2653be88b1ff0f222242eff218f53e40a75a9a0119cb248891398e34212ed9","mood","Concept"
"07d1979b80f62136c9155957d766ab970c5820631e004dd34ccdd478b7fa2157","thresholds","Concept"
"7a7a34948109d0e1017a859e5b824ea5c4a382c6cbae3a8fa31f8a4b6f34fa5f","inheritance","Concept"
"7c92c484ed51854daaa5e9d51a652660ffae3b67d436a5367583431c261f3886","permanence","Concept"
"c0adee904da91da7a4e07247d05df80475f39088702674eb96ec7169f059c98e","deeds","Concept"
"35c04adf79fdb9152a73104bf9d8d2d9bac7981ce12a3a92d1943c5ba53f4d98","email","Concept"
"7366b4fb0245233f96bba878c01681ee64ecbb5f690239285b2483bd182bc92c","shielding","Concept"
"9898db6459c2d54ad016cf47d1c5bf610b721abd22b9254f98c00328a4f11958","hybrids","Concept"
"2e08758ab9998ad2afade548cc289ef28fb8866f713dfc0c4f0a87437ca63ef8","vacuum","Concept"
"5daf0bc1ad7c5fa08699ba20e639410cfd3335ef7aa1ff527d6bc01fbd4d2148","accreditation","Concept"
"f7cad1537f102c5f608646d74c96d9722c34871efc301cd63dad8dfbd11b5487","preparation","Concept"
"bf4abda8396480b0a6a7802be676c1fcebaaa8a1223cf69135b3b5fcf5dc5fc9","plug","Concept"
"a4674ccde7533c52c9954478515e1d876f9ed75c2e83cf35578fc96d085d592b","hold","Concept"
"f40d2ba40494c39d90e673688bbd1c5242ab60ccd87288cc180d5cad489844d9","time","Concept"
"8c01f888657bf803f036bed4c55f6bafedb4e04261d0d0190e07c4e53cf50fd4","chemical","Concept"
"81bdbb8d1aae00a227b360b1d65687aa67000884a8aad4a32c6dbace3e48ec5e","standards","Concept"
"ab8bf6a82df08b9d4c42d799711aa3a973b97bf0427d2df502dc7ba6f690db8e","cable","Concept"
"05c1e504c4a8f6dad8d9ffc4197436ae06fa33f6c7e634a941027fbdfd87c56e","robot","Concept"
"68a5977054948d5223c94ae49537210b3cfb42b7ea24fd77fa4537bad797ffce","milestone","Concept"
"a7939a32c9edde313f62abb5af2cd32a25bd66df27ca3c8a3780cd2c947d8816","trait","Concept"
"1853aec25a40e7cc148517cb3b86fefeec9303a4d4989b9b30989687fc5ec498","water","Concept"
"6cc652d8cf6c11c1befa5a9193ba4c55ac1b93449afec072e74aa431ba930f7b","spreadsheet","Concept"
"eb010433f92a785421d184a20f8c557d238f62918a77f5696927a19cc1001392","terminal","Concept"
"dc0666bb6f74d87b6263fadbf1b65fb05aa07548e42ab4b75d2b86209276b0f4","comparison","Concept"
"13b8969c479661d25b0b223b24de224d198ce2b2948c2906b57960b385a3aa91","employee","Concept"
"6a725ca17d69ff26ca9bddca5da2ef4314b60c999f5e4db7b14861366814d40b","choices","Concept"
"3c3a565ee74770aee9605f34bd8e8ce7f3bdce6e2e611da75f4417d68a2bacdc","access","Concept"
"62091ff1dcd27a35994c098e5aba61cd398632dc1bf00bc990504aa8220ac723","collection","Concept"
"3379f5776863340fb0522793607c861fa32790497a02d1c8c7f403297b59257f","checks","Concept"
"d79ecd3869a0df398d9914933d3043a2397f9949fc102f0928e1fbed0390b490","industrial","Concept"
"7d4f2b8e3c9302424e8b3770a30ad1914f4803939e737f7f4121bf4804ed2624","tester","Concept"
"8d2eeaa1d6b5daeedbfc9e97989cc83ef5a5d95dc2bf6ce444bc4d241a75215f","consultation","Concept"
"a73b759742c97cb555d1d12fad76f3bad5f0b576ec0f52b614af8554fb947886","wirebound","Concept"
"e67565043e9d9ff4aa8563f81a3e34cd1b825fa45883d536ec70ffa26aa5bd2a","invitation","Concept"
"13fa446b7c2d31d84d6b338132cd0e98772092a7717aec2802f94dae8893aeb8","man","Concept"
"b61430ba5d4ac909199a742417f92fa4ad5dbf0577dcb1498c7972e08ae1389c","priority","Concept"
"c4c7ac1d7bbb375bb8ee9cdbdfae994bd318d6da26267db91c7b94932d402af5","pair","Concept"
"2bb0ff22f0dd08d49e8efb3c0b727188b286df8290ef686f3f34f56b2b8076a2","agenda","Concept"
"d50473addb955e88d4827f0ee4596acf88277f38f6547e1dab9811c8a823899b","variation","Concept"
"7a8916099ce08ac97b3cf0286d69d8d5857e24871bbbb334055dd0de9202c239","developers","Concept"
"d813b42d94e936ff5c6b57833bffd79ad27b811c490c77cd317169c2ef33635f","amount","Concept"
"0ee5192cb2644cb6c4ce0a98ed1b96ecc0090ef4b6ff6f2082f010a7c57adc1e","focus","Concept"
"623485dee41d252643517830a8f128e7df7aaa5f5b8c3a626162c93c6722504c","ec tabs","Concept"
"995aeff431a67ae90af649101122fa793eff8aa84937d41e87808cf61a115e0e","deviation","Concept"
"37e81723c53ab4b154d9d2be0da8322a0537ed415b39fea4d361b39e2bc371f7","performance","Concept"
"fd939c403c08c35faf352aa55fd42d1c44968e0ebf5e7974fa6d0a3068b25069","publication","Concept"
"2470930a22aa49f95d44a0d9f964512aec0f7b560cfc04459c578aec3da0aa59","researchers","Concept"
"d1f69a4bb51c294587f2ba362189d438515fa63d875186de8a9993e20886c5e0","changes","Concept"
"05f97da3b0ffb6798726508655aa498572e5cd5a26b3e8871be8993a67a1c324","personage","Concept"
"c3c079657b452bf72d5cddacc5402446f0eafbd9937487147a5f118c287714f5","transcribing","Concept"
"7a793497a62d16f8ca26a5ecc93a195e3a2d5ace7cf415474bd2affe6dfabac3","saving","Concept"
"76f0d045e9099de4d89145582f20059370c1266edbfa20cd998d2c9a59460718","desiccant","Concept"
"dbd8d64656490dab8fb5713c471bdb2343b3d803867ce0def7ddadd9c1d6ae41","city","Concept"
"f52d2acfe90ff03867bd85e6d4d2e994571cd8de7420fdf69343150267f500dc","woman","Concept"
"b4530e34850963c303114d0201ae1cc893b9e78ada8f93e78c852e535869ec56","facility","Concept"
"dd602e28cfa0da798bfb8df345e3fdef2360a72a5ca8f14aaf9d6deaa61108ee","movements","Concept"
"8ef1f7d79d98194a8a8540785c9377b8eb574846d0b64cfb1702b75f9c5b10b0","prototype","Concept"
"d05f2257516935c2db04e0c565beb5a412d55469626ab2a2be33b65a3d68e4a9","capacity","Concept"
"eabc45d7779cd76c7a7f9c09012f3ef2f10e38459ed2ecd678c9e88c78db1917","productivity","Concept"
"0e3ac9892b36c0b0912c5a6f2a9465012fb182cd013234f667f1361616c77905","technique","Concept"
"e8f40309ac92e541c2b2c577f2328bce23fe28018aea8e91def3213cfac1ad7e","welcome","Concept"
"3a569e639d25c99d3a6ec20d3f6b84b04cd2e1438cf11a7bf16c154853aff8bd","volunteer","Concept"
"ae56664ec0435b8776dd5242b1deaaeb45a746be13cb38f63b07792c2a7af24a","groups","Concept"
"ca277f371385c0e151426ca1506cfc6fc5b4dfee12eb0b06b2a2fa3cda3b0f1b","helpers","Concept"
"a66e401e4d6cd68d549a09633fa070f6963b02307022d48953685ac0844891b3","measure","Concept"
"ad254d23eb4605ec82120ac71eb8e0618eafb285f8178aac7b9fadd9c023f8cd","date","Concept"
"8cae97c9e52d27609e813d1261be90632994602d3826d78ad15051fab6bd9f23","fossil","Concept"
"860d35ca6ec7d318392310da0604e1547b37aece556c5d55cebc0c84f1cabbc6","institute","Concept"
"b9eccb868ac1464cd4d36a34098408f62c9d3d01b9ef793148b4179c9eeb18d0","air","Concept"
"dc927c6429472ae27d011b8669ee8d7802425a75145d180050318dbfebaaed10","printing","Concept"
"534b4d2518227e012da93b04b74d74c4bb437a1f842c4557ccdba735cf2a089d","initiative","Concept"
"9f8f2eff45e762f64d9592edcb9be5565e32816c124828e3236f480e1a43389f","manufacturer","Concept"
"181c24e6b1b45e91a8039d6d333bc6756d312e05fc5e3fbc5ef9674cbc7a9c04","epoxy","Concept"
"e2f5ec29377f35c70950f0374d8114bbecc8f169177a007e63d89dc156268b38","connector","Concept"
"d1726146484d9c07aac1bbca034130219c5c35567b972340491f2ba94a9a3ab7","state","Concept"
"fb3e62939705b2ef8f74e7b47c67f067abd496b09e1b25ed39c1fe386602c4f5","transportation","Concept"
"c46e74392bf9165d4e66e1eac469ba8ddf1982010dda20079802306c7b0568dd","logistics","Concept"
"cf903a1855c521532090513271c80a25e8c445f287baebe349c9d398e92cb77e","roll-out","Concept"
"aab0424ae358aa9688bac6a373559c49582013288daa4fdcdad10e6b69f8dc1c","quantity","Concept"
"0363c4dd82f8842cd2dbb254ea1c68c537eeca63ee00cdd7bd41d1a12add5ee2","regulation","Concept"
"c8360d1b8380c5e4be4f65fd22cea2ca753d990825091673a1821aa56a35d785","closure","Concept"
"4fd59c06f63648f96a1d829e243c02b13f854eb1d46f737d7c7078ace002739a","atlas","Concept"
"55181d94511000fd70beaa224faba04aa2a1e0210bcdb8bd333e8475af3fa2db","authors","Concept"
"fe2884630021532b24e383049d6a72d2adddfa837f1a9518212a9b74773506a1","standard","Concept"
"92ba464601e95a1bda1661b43acedc16ff21f84a6476711a7fca26fdea9de716","qualification","Concept"
"9b77441b23542fad6ded5c9a8191bbd57a493369346864eb1c48468a3453b97a","advocacy","Concept"
"69f8174664be1f9577c0238b2932f128fbf6e0909bc945c5b8dc8ad8bfb85e2b","negotiation","Concept"
"01bf32203dc965e5d262fdf7e1b604d5569ca4298750b82ad85c7e42f84b4f75","regulator","Concept"
"cc324bf5d69ff2286c0a48a30daa07fcfc8e397a33fa663e416fdb11cc56fe16","suggestion","Concept"
"75cfc9ba1a2f4c7b416054bbbb9278ccbf526292e88b3f28e288941731dd6c00","opening","Concept"
"9972587630cde31ab08de9176336455c95b068d61ea8a09cd8f565d150d0782a","anticipation","Concept"
"bd2da69127b312d612e5cfddad06540b6d836818b82b65d2e8a45cbf23e172bc","sealing","Concept"
"7e8c52da267799d4fba33e18b1de67456dec35fca1b08428ab9663ea9796b5af","hardware","Concept"
"bae753a176c2857d369ffbcbf11fc2ffb3bb785ec0bdf556329aaae860cb259a","project","Concept"
"9fc7f099919f189a0711d047d66d3adf1102f63c9c79f6ff359401174c29c94e","measurement","Concept"
"07f9d6ede40fc5fc2c3d5442a2cb5420781a07503d0b33359c392677fa0160a4","impacts","Concept"
"68d2145843ed145a684d83a736949ffa86b5fec9ed9fcd616131a76a5aac7403","deadline","Concept"
"3d2ed4041a1ad81a588fdafadf7ddfe5eb77249fee514eac65db83418fd5e384","warning","Concept"
"25b7e2c1ccad561392e91f2e089b831f655c827eb40dddcb70ce18a420ce7af9","buffers","Concept"
"a8bcfb81448e99a5fb316b723a63ede4ee301a34e71b1474836fc69b2b838d4c","room","Concept"
"487b94f30802631f5d4f09efaaf4369995215cf11aade562b27544b5d093922e","stickiness","Concept"
"70d9b932dc507936280b279e5f3b8bd3daa29e334187f0860bc9eb81de91b3db","coupling","Concept"
"bdc8992455a27cce2fed9429359ab40b50b806020606766787683651c687c49a","entity","Concept"
"239f3bdd54be094647e9f220b905ba654241498cc708c37820e141368653d9c3","fitting","Concept"
"f57d84c08e92de7b3adba42739d052f9e5e6b91382a0e65ea47f97706ceb76fe","materials","Concept"
"25b64309e67802e5d329b3f69683d8c26ea4be09358f647333afd2f26b13bd5d","copying","Concept"
"01dfaaf886507995bc2f3baaef0749b3e2995625fecc78ae4906680dfca80954","stage","Concept"
"6808bdb1e0921f84cf20f6e708986374c92aa2cfca7366f6bc7a4ad695302c17","joint","Concept"
"53d9df4f78840182194ada02bdc6d3cb07e7aed8b70b0aebeb6a9370ae55cc5c","framing","Concept"
"d21760cb02b8f7ee9d47dd17e0826fada79f6a9edfa979124c2354f9e19be57b","reminder","Concept"
"8dd6671bd836f50b84db4038ed9bb9bab7eb23a5de450fb26521862144799acd","recommendation","Concept"
"39aa4f188aab72a2e66f65aa6a1b2a98ab438e961e336633cf71bb778e9f4ec4","step","Concept"
"654e6b6e6cee22dcd3b1f2e75d107e4f6953134239ca0601c348607567a71dfd","time saving","Concept"
"22ef933a83f0de20adf15a346bb71baa64a127825c87fa3b507b055622f46d71","write","Concept"
"aa7f75b5a9940fab30fd3445f9b3cd5ef46fc58511fe87734bee57b2324d894c","cooperation","Concept"
"90f156d5704680a1fa646b89811e35c56a14aa8ce379385510696d25c70d29e0","components","Concept"
"4f66e9989a536412978c1ac7f402b22bc87c717969aa896f23713be93024762a","action","Concept"
"7eb84a54e9c5abee6afa8427933bdb6575ba82e82aeca41c9e5a92ab93e0eed2","decision","Concept"
"900ca64919b95ec6a83f80b09e9f5f8973f7acbc776a2eb27343d3485d8847da","complexity","Concept"
"84a1babbea34b160aa021e16c2eb74c255e5473a310db893519611ce07d025f1","military","Concept"
"771c735b928cafbaf62d168b428bc618f05f91c7439bc3f3e2e8e11bcd8135c0","utility","Concept"
"aab2eb6c38bdcd61dad69e72889cb6ef99d0717033058c9c1567cca471d46b13","creature","Concept"
"389ee39f88f6a79e2ec050d283006b3c859c3699216b6e292a6c59e0fd205819","word","Concept"
"6a0b348805005389630f1074d0c004ea12cb5b3726670eb4004f4a268c33d97d","bid","Concept"
"691e6f61244a0e347d8136e2c5db62b87efe015b5e86db467d39b4283b1fa77f","complaint","Concept"
"5d3baa6c913d4ad62d5c04cab13d46f41e95f241820b313f8fef4dd51391bb4a","author","Concept"
"16c8d2864a4296a9ccc00d5be2c2fdcf096b073f5449e9836b47e685e3900ea2","decay","Concept"
"2500419f16bbc2218d918bba42d4bfb2538dbf39b99a4258c46ae47b46d6ff04","adhesion","Concept"
"e2b4125b6be9a7c9363f34f4590739a90fcfa8e1785234d91c6974db190ef3ab","rib","Concept"
"b79e3e1e87ecf1a9c181d35d8fbc41207de4f7bcf09f96c0492b5249a6a281c4","coordination","Concept"
"36411772bacc332f98b6c8618c39511a2cc45792d760fd58e5e96b4d456ba375","news","Concept"
"e0db6aabf3e9e80747ecb283b09329de39d6839d64e67b60c806e963544178ce","framework","Concept"
"1eba20e6879eb41b19c3ca55191dbf62ab75d917f6fffcddc6f79fb1dc96d951","strengthening","Concept"
"2fd8ada90208a6f0026c94f0e0d1f48e7c52daa8d7d640efa8b614444c89ebbf","adapter","Concept"
"15b3165703cd04718701531bfd91d398360f2f3d6692dc802852bf5f17d15cb1","validation","Concept"
"d467a78880a0dff17ed5301db43bcf029eebb9f19efe93c29ffe4a746061895a","cavities","Concept"
"da7de9473012b6d7b993222683fcb51c7b2c8e705f7a94e3b067cb475260718c","agreement","Concept"
"be23cd3ec3767aef9b72d9cde963fc4a615d84d93aba9ea45948edb09126c297","content","Concept"
"cf1ac02fc1dbc5b8cb2b25553aa43e6d76e05a6087a955a313e12416024f9969","container","Concept"
"53e6d41e113061fc034b00554981f30c1ce31305a1ebd09374c7ef3cfd9e000c","briefings","Concept"
"5f97f6a9bc89f4a4278a0f38969be907969068f3f2c6eb8f7e9fa1d03207f4e0","reuse","Concept"
"f9238a9a4787bd27d643a6dee5dd6453ab2c4ee16b2b5fa0482262f79de0bef5","status","Concept"
"89de8e5c2784904eebd1c10be1562ea5362d72b309f20ce5db6c2b7f0b8e8581","computer","Concept"
"74ca782ac690a98680c811043b0c36adff42cf94a3a885330acc318fd807a79a","woods","Concept"
"24edab09a65e492411e61f5db348b7a5b2f2e7a775b799ea06a01249f4bd537a","current","Concept"
"52a6e5f61ba09709362264764ca7e31f6c57710bbd6f1c753f8354c9c3a4b5e5","adjustment","Concept"
"d8693205c6b810e8a7c2bdab8818a6073920a7f47b532f1fa5a3e1b2eda1a405","void","Concept"
"9adee4486ae3536586327187bbd6cb65b6becd915e5871f34c0eaf26189d7eb1","option","Concept"
"657d39d8b5bcd00bfb357c3af3f39cc16d8f8d03d2b3d627cc7b8617892396b0","feeling","Concept"
"b335d267d62ef607bd69ec6d283fdefdce59dbfa02a676428cae9556239d5841","repercussions","Concept"
"e1d4402c50b5e5931cbf3c85fe1af88f99cdb62b41c57637b3956701704bca03","overhead","Concept"
"3de505d3e49669743476ed3f589d2f2b67bb207d0c5831ee937948ab94e0d5b5","oversight","Concept"
"60143b5cd8f9d6a7be7828e4de97fc7ac876f004b9d49e68f117af2d38244c3d","cleaning","Concept"
"bf50abc0c35546ed99e54fa3f7d5d9598b263bc78a2a156019b69cbf847d7faa","holes","Concept"
"93c16dc22e859b28cd8b86933bd52c0aca75def1d1483b868b2810c0931bdeb6","reinforcement","Concept"
"de7caeebd9e5cef572bcde4a7dc7fb589307c9321d29f0df093732ac47b52685","human","Concept"
"d516b859d500200ff4ef11b3715e2cfda207e01da55d4dfb80a319e6c9f089a8","port","Concept"
"5a6b0796afc25c83bbb343bd5a59cf0c10ae5c9266970975e2b5775c89fc5e38","space","Concept"
"4f2028f56854987078da3fff713d028f2b20ed7fe1d233f9671689b209e01cbf","silence","Concept"
"8ed04ed41a85892fc57934808724c9f05a580fa6bec690050c230fec35166396","notification","Concept"
"b73055483f2a784fe3a187764581ca5cb2c7cae0a02e3e5415dca30f6a581619","machines","Concept"
"2db00ab0702b22bce6b58b1ff7df66885fe41efd41e1aa6f06136a9a77dca899","followup","Concept"
"81ca3d81a767b99ee001b4efa418914c712949a1108560ef8056272c109997b4","manual","Concept"
"275b710570d05cda49edf922a7dcf7f76d212c43aacffe56d61fc1a57cb6e3dd","talk","Concept"
"0fd90a2b1c8843af19b9cad93e0bf5f6e10e760dcc1bc1762454a0560af66888","authorization","Concept"
"db43736b19b01b1164e4483ed83c2e2d6d2c5793ee8ebcdbe53208fee13e49c4","precision","Concept"
"1e1e4b2268f3ea2d9229a6ff5167e466092e11d380cfca2b06a301f24e5d0bc7","goal","Concept"
"aa918c6c2abfa40133b29a70001cd14ed7c0a038369b2d5eaef32cfda302b750","male","Concept"
"0a5832e749e0301060c0a243abcee3b4fdb26de8a3309397bf249e5faa23a23e","volcano","Concept"
"d7428cc6df250ced65b1c9ce7fcdc013b1451b9d476e83497b5d1e422afe85c6","assembly","Concept"
"d184fba6307a2681ff1863117721ba6cbd35fa6d51f1fc4adcebd8b18040f709","blocking","Concept"
"9331b82186b0aa013703cd67672a8c1ea5960824495716518da742dff8003167","briefing","Concept"
"8c84452ffe0675d24391067f9ff31475d245ea3d6c86aa4be13d689fbe5c57c9","bordering","Concept"
"88bd9dd71232e0969759f7d09ba99ee710bde3d46cfeda46f327768ed5036e4d","mail","Concept"
"b9b4ebd69cc51532bd3fa4918b9699ad9eb4501e0d1c5a1a1935dafc3680b432","nature","Concept"
"1d8aca33b91af15dd8486337b2dafb86bd8d40ec415f105dff8a3d4ce40517ab","study","Concept"
"8e316522caeb45f193520661fa1c48c35da309f46a589367aac85ea874bf3180","separation","Concept"
"2189dc5b54e506b97d496fbe0471891dcbafc761f8604305f0ca2efa602bffe4","control","Concept"
"022dcffb83584c4ee385df97f58ceaff2a6d0c4669f9a707f42f1d3968059895","ribbing","Concept"
"12a586da95b4e06c8e048f08e63735f724d31fa9643199d63eada63c76bb3269","specimens","Concept"
"5cb2a59566f377d894d3007fd5721ade5009ac4f5f66dde8eff6f74bbc15a4d6","developer","Concept"
"27860a915a75982abc1e6f47e01492f5088daf234b1a2604fc24b441382cd12d","hv bonding","Concept"
"b03b711f8be213de42045aed8151dd9dd9d00613e6d36e362f37b4802cdd96e7","lab","Concept"
"9163193398ad78675b6d7a20f05a5775b2764c10f365b33b69c3760cb9d89930","transaction","Concept"
"7cd44bf556cde82357648334f3dbbbbcd7fdaad037f68d384a41f2b4314fbbf1","qc","Concept"
"c9c60b238514644bdf1962ba5bdea2e7cce6a47f398f4f4cdc9cd8347ddaae8a","calibration","Concept"
"e6083588da3252c0b37501e61ae047082cb91171fac07e9b68d219f9e9d9f786","unit","Concept"
"1e4bc7d43e799a86cbc2ee4128c5c2c2797664d4d76def6bbb4ea390f70597cf","assistance","Concept"
"f7aea7ff75750044d7e52f6548822714f7973b9c62f18c63704037e3ee4b7442","000","Concept"
"0141f9c95c56e2b3d40bce6a64b1a83501252736abc9faea25b5d08d7f1efcc9","trial","Concept"
"af15fd27a1f42efc4a332084a70a0d8bc27efb6f4a3c9e69a5d546d44c242237","maintenance","Concept"
"e3dd8ea31110a10584ebb0878bb06e8c4ccacbe48da8193aa803af57f14de251","finalisation","Concept"
"772fd6dd669bf17e086fce6d1d7f19b8e52264579e9b06f9f1b1f57e4c95f1c3","buffer","Concept"
"3cf7e2dc1a4732a50a5491076ecb20fe5f557f728c01151469eea64a0c4ab9cf","fiber","Concept"
"2bf306b2ea1459223a28c1b54aa49ed390ab7c5ac4487447073ae0500ded16e9","plastic","Concept"
"5f885c4e09f2915fa5dcac1911aa0891094c1fa8313ff866d1a5dab7178b021c","craig & ingo","Concept"
"65f29da4acbf75b4ce369a8b56e2eb7696acf6b8d41ea200a36434ebd6e34dcc","meter","Concept"
"6d2d54d9c14c8228e57d0135ad3cda5273636e4f93f9b7b3913b2030be7a8587","leaving","Concept"
"1c98a96b4c5654d61768aa165b212db93da8e38ff0f9d12bb0cfa14ea82b90df","enquiry","Concept"
"af3c5c7c0263fa1ecd6c676082b4d4a2e773d96468a5d6517e85b97f00b9911f","release","Concept"
"aea551b65c30f7ab733f344a9df7eeaf8e24a4cb73c981cd432eaedfc40d8359","refusal","Concept"
"65cacfd49477ee071f8e18493b91100a393be622c6226aa13df2465793cce7e8","finalization","Concept"
"46c3207f87220d3919f4ec3d613319bfbf6f8f0fe8a5b4edfa1b724a629c0659","delivery","Concept"
"9b411c4da512a148e16152665e49eb7044c7bd8768219acaa621a0fe8639fb5d","list","Concept"
"f522fab2d082cc9ba5f5546c4557c687f84e0814aa8d45bfeb99639834be28a9","guests","Concept"
"7ce08964d88f37cea7f5604099566ffcb7365a9aed5f3ffddc29e24f789056bf","collaboration","Concept"
"df022ec25870df5fcc6ad232eef76531963708f05804a0ad188e1fef6aa0be1e","definition","Concept"
"e9b154398d8f4ac3c17e09632ac25cb838f9317e2d9126f7e55a3e0203070183","stability","Concept"
"92b5c5cc18ca4a544d7f98dc86efa0ab66b2e5c7bbdfc5953ebc0d797e3d95db","buying","Concept"
"efa89a2b61e67a4d9f91ad68f8ca3c1b7f40b2306636e2961d290e96887134bd","package","Concept"
"7d9317230d601d94d40ad9e11e810c7ddb62d07f19ecb5ad1f8a75cb68c0780e","circuit","Concept"
"119cd5f7e9aaee9b1a062c02357345a0d46422d8dd9139f7aa7ad90f77724c73","pushback","Concept"
"facd46598526415572442d807e6284f394533961258eb54974f95c85afba9184","wirebonding","Concept"
"191d9fa1f24af908f5954e52e063cbf000f7630c2fdfdbad7417f8ae03b02e96","customer","Concept"
"882f59542ebc04cfff69ef0d4bd7767dd748c3d4174c704915bf367956b9d048","modifications","Concept"
"089bf960711a195ae7e692947cf4ed00e93fb9a9e273608d49001700089fcd00","unveiling","Concept"
"4ea35e541a12ffe493f1cd2c957eb4d2f2fd5a1413cf6c1c2ecab8609ea29bec","surface","Concept"
"60d38da716d9497d298cfc80d98c373cc1bdce96920e058de14edd9a54323af0","currency","Concept"
"27f81b3a6aec28c5171a7186f6069151ec913e1ece3a7726e8da0281234edee0","expectation","Concept"
"fad52e2f9c0e1cb2ce57f9cce968b1b416d9c07d6552ad62e2e0d1570cc3b6ae","stillness","Concept"
"66218a5045b1d57568fd6b4c63533f8ff3c33e5172b1eedd59942caa49fc3119","importance","Concept"
"9ea96127b59c9dbc436253e844323a561463db0effe4f3bba31f74770101b933","electricity","Concept"
"55a861eb215e87bc3c520c24478094b4ecb1c6db9c4136ff8c1b7034e9c7eb18","discussions","Concept"
"f9fd602da616c501bd1a8270ab9ed80c2622ab10e8a12c2eeebae71fd46a9be1","survey","Concept"
"54803cf097df61916f02c01daf9a41932c61ca6b86866986865ae6443d3f97b6","label","Concept"
"1ef36601ee685966029541fcdc701b337bd43a7680530de3771820117bdf15fb","enforcement","Concept"
"182c1425ae03e97998d4ff3839bb2a8a7850f239dabe33898f1304375702c86d","size","Concept"
"de43418876ebd131357e98eb899ed88428aef4c4214e29e712394c6725937291","day","Concept"
"35a549427b6c123b6b5bc370b0b4c32bc6842009768003eeac385d142a74f357","registration","Concept"
"a2994f4632adedd87fa7ed86847a8c151c1d79749b8688a1f8af36e1dffeff59","metal","Concept"
"661faffcf4e7038c00313c0de9ec81ffe79cab4c92db180f20d035c65da6014c","dcdc","Concept"
"aad3b6af911a14f6e9c913d666ef41b4e481eac54d9a000915da30f30c2d2774","participant","Concept"
"55035f24dfca26a8b04ed0558b7c6b8c827b968d85505770436da2afa96d4c5c","accountability","Concept"
"47fc63a4daac3bc7616cc35bc727d5d6125359367468616bf472903a8ff9a1c5","support","Concept"
"132cda4aba6f64df2bf724517f770e0f04ce4c49b8cf4ee2f24e9313d7cdacc2","attendance","Concept"
"aa4a00fab8b1ca04fba070adfdb046f980e9808b9a84393fdde781794b2b9d07","proposal","Concept"
"9aa3494810631e96a368fc13aa1a4bc75b8730fed76f55b5b23bd86c7a367bd1","object","Concept"
"0d5851dbf0a89cd1631b30ed1cbae2c4f33a4c3c45cd349092e00310d8883fc2","greeting","Concept"
"d120eda9be7f0b27fe14e31d23005ba6e1e3d33fa1fb0b513935070475a541d7","alert","Concept"
"b74cdef772ecf30f6f1b1a8989b3c4546ef90067be6c79f6dc7dbe73dde1ac7e","listing","Concept"
"d6b8a83af9cacee93518f1145d114b9bf34349cef410867ad11e74bf52e78b76","commit","Concept"
"29ff76c48c59809fa581199252a7b5a37daa488110455c9e1e38a8cf69b476e6","guide","Concept"
"50b797d0f544bbd655456854362e8e920c72e2359fa03c1005efee9cbe7702c4","check","Concept"
"00ac04aa45ebca8ac0ca3d346b16c79bec24a76966a03d5d4798ea37a96de387","protection","Concept"
"ca7f8179ccbb115dfed69f0553a872b6a8912e814c6b095af7a2f2c216539e17","improvement","Concept"
"ec0eceb8b96f7c932d8fe31e6f46530502912100d4f2ce746bf3db1ad1014214","audit","Concept"
"ab8575e45fd412ce3ff5fea0debfc05dc4561203e002506c0b605f2cfdaad2c0","design","Concept"
"b14ae520879421967118a3abdbec6d11726cbe4720ec1498fc1e1fed2d17ce82","money","Concept"
"cb59aaf6854796209eb2b19aa1b54fad87f35f9b6eac5100b42138893073c23b","appear","Concept"
"d54cb4ee50ba1424cdcbeb61e12e4866e8ebe8ce463d2d9a451f5028d758a22c","volume","Concept"
"6763903581796f0f5b39bf74e91b95882a1cb2eab2a7142c24921c8073c75e1c","bliss","Concept"
"c616944b3dc8753e1684f3533ffd559fbd994a171f3e41d3693a12841c9a7fb3","frustration","Concept"
"fadc1e6beba8b2b1f57e75149a7c7cf8cd5a0b6c930bb861a6e43b052434580b","safety","Concept"
"fae36c3af281215273c070541f14d8f0494a102f9c3a7ea5e22cca04cd16e891","ecosystem","Concept"
"61fd53edbb3e8fd5243e46b44c43fd6d707aebfab1e004ea05d5faa44016b884","development","Concept"
"f18580572d895e5ea51c9d342ab3ac9a170eb92c0739bdbd72957784f16da1ab","exposure","Concept"
"99cde6207b2b746524e9fb2f3cf495e43fc34b1bc0c1af513cf8ef7eb1d42f30","controller","Concept"
"e450a8181a9ce750202836779748a30a4c2bbbba507f733e0f77df06cc91b0b7","consent","Concept"
"162864099d0eef8fcfe22c26979bf9bd716381fec0c5e80b07c128a302e16b73","scheduling","Concept"
"cb1bc4d47bd09981faffe508a18d81a1f7dbabc3f9ba09c35e2a8ed41f07a613","country","Concept"
"946c58826e9d866f2c7e0458cf6fcac9ea30397493fcc867adf87f1e2f40ed45","work","Concept"
"f3b9afb7a53e44d0aaa8a843a0b4946273fa779f483541e2178566ae9b747bb9","cables","Concept"
"f5d871754c4291a001f52a0cbb6afa73cd513412ad6b471e7ddcbae58a8d2265","reveal","Concept"
"f85b5d9a35c23892a7ca45cdff353baf28a7d97cae3a57dc8473786a76f83a5a","system","Concept"
"acd2a4a2ebb2622c9338a70f7d477b3f8b1a35b2aa9b67eea8a54a334b25355a","duty","Concept"
"72a61e7d33d0beebe1fe463fcd5d24f8217f1d0b37c4b303ca30b2100fcb982a","termination","Concept"
"703861a9316e9035b531524ddec743a3dc7490481d76e87c4ed72044bcf484cb","reminders","Concept"
"006d1357216e3dcdad7ef388ddd15d83f97a9a58f4fa455ae168fb7384d45f1f","steps","Concept"
"cbf94e0a187ab6f04c3acef45a51f80a6b22226665dfead2755ff96afb203c13","treatment","Concept"
"6493f8d39192082fa9d3f96dbf5e0d79612c09d7f20261109baf9e34eec08c0d","location","Concept"
"e9d3e1dec3074149bb3b48ae633ce21ed5f086f47afd942c097b9aea2f5c8838","believer","Concept"
"3e8e50b1f8c31b471ca5df9f3f5c041083f85b65bf1dfb84e6b694cca6b173bf","addition","Concept"
"3e4bd7ac6a8841a9aaa8173720173f9e8656edbb22d1483933757876594efc49","tender","Concept"
"4ccb29045ce184206dba74c1093b217156635a5b4cf0f59980ef13b344df46e0","coil","Concept"
"f268f222125b0cefad49b58e68146796d2ea76fe50cc00e329e8f1468ed018aa","standardization","Concept"
"ab4d999cad16221de5b71baceb8d3d434f116102bbef5a23cb38cea2121401f2","sensor","Concept"
"fcd86d0606b8baa55d05664a184b8f65e5adecbd8df9c9d2f0941d25091f3cd6","fire","Concept"
"e6ad57b352a52488d25293d7238bdb868595b1a4e9b91e3fd498c29d48a3a677","debate","Concept"
"1f011569f09fe39dd68559ff3478ba5163ce64e5c4b1dcb19f2018b5c5ffad35","gauge","Concept"
"e208840e4f6f25e9e4e0d772bf6e8bec6105672f374eba9628356d4ada04acb8","verification","Concept"
"8d4e30d52ebff7a75596d23ccdf602335849d81f5075985a826cc3b03810779b","meetings","Concept"
"3e45793208c1ce352b1c92a846e39abebe7c45ebc73f542f8d823da64bc28864","constraints","Concept"
"72e7a9afc3f54882c234570c28dbef421a3add4baf056a49bdd1fe322881b1f9","upgrade","Concept"
"38d1d6e6ac7e241e7a8aa4f1f8bbba23a27828f0de175a7d637ef72d175abda8","relation","Concept"
"dd37b133e2d1538067bfc0c01ea01de82f36ad7d4736adc4523e73a7fd8dc933","engineering","Concept"
"0e412550299eef427a103d5ddd0252ee39ab5b699ce546c30a011a72acae2fd7","efficiency","Concept"
"4a9c454056c6c4ce99da97753aa330e268c1a422f66f710ec6461eb6340fc96a","workers","Concept"
"e037b2a27ebcf186b1e01203b65dc078886c9f06cb7b06dd79afda2171a6c49d","box","Concept"
"7c5e4d1d987e613145f7aac569271a2a2ce10844d42e1dcbbb91bc51723750ae","difficulty","Concept"
"3330e1565abe64261905eb1093b1c4e80c408660eff8e1ab93072fc592578292","gerrit","Concept"
"b7ace0bc7b7752f834b99d0be079c80b638e588031e85b4d11826dc812f23fff","tony","Concept"
"0de1e9049b3e030417c1b4a7e759ea3419c77380a37f97d8cf6a0494ea6eaf55","directions","Concept"
"e4998139b14e4728487b5b83bbeb0071e44248bdcf6b2d4e2bac3d05afc33b5f","challenge","Concept"
"548672a018fa96696fd0b32504ccab73c8aa5b9323b26d61df8cf52319094d69","effects","Concept"
"b30ac3fd2ea36d8cf819589be5e4e7600a124a23e69b2bf40a1e07a8f4de56ed","timeline","Concept"
"c36a164c9c6414411c864993f59ca4606b2e7b26c6c922587879d049c2a425c5","omission","Concept"
"117445d535fba768094091aa34514304f539f5927c3e275e5bfbeaf0ea79111c","quality","Concept"
"b2af86fb44be6c4ae4645b8240431b5237ec8f7ad0adc5ae39aa9d84ea30b1f9","reform","Concept"
"e6d47363d3358a9273752d0d036ee656af6e3d50b9cbba48afb6506076f46deb","factory","Concept"
"f9e7332594b0bad22cde586c8f20976eb7898b56dc8bb2977292ec240ccb49cd","president","Concept"
"f535ac04d5ad20cdc4fe1eb2fa22384b36cc229e753d3bd5945df2451c50683e","follow-up","Concept"
"e4ff3b4bfc4489a2d6123772174de6e5aa2503bf9d7396fc677b597d87fd353b","continuation","Concept"
"577ab531b62c643171ae2227b4a40cacaab7b6c9f6537392ead0e2f15869a750","notifications","Concept"
"c42790233f1d0ad8477ed4ce0ef0591f429185491916a2cc0ddf2ff32d9c3313","issue","Concept"
"89d1aa6abb7bd66816461d581ebc879e8e410978daf11f6a3ea161fe6aeae404","specification","Concept"
"37b92f11b5225d5d41ec0c4fb81ad4c93b3b08f4f8f45a34ce204dabe06ec43b","boundaries","Concept"
"5c1f5d4f6a162c81d375c5c9f2e368283caafddac82c90230c8b3cf5ac584d51","beautification","Concept"
"3f9fa84decab22650bf240db5c98969e7e5a2150decff0002424d4aa1d63b509","inspection","Concept"
"04001dffd9c7e3d6653726155361ce835e25724e1a722c87f742d805593f9fab","machine","Concept"
"8e033da7ebb8ffe7590f60fa2d6dcd308981c9281ef494fec37ce5d02f4c395c","inform","Concept"
"06188d2895603d19f4c7c3befdb4e18cfc9ac0ef2c9d4f19e50b7daa439ca201","tag","Concept"
"7df2b33cdb286850f50c04addc16a31b5ff70f3e4e8e70b546c3c3489550cfce","specifications","Concept"
"d20510d14fc6bb1d4b3716024ecc08052258d38de14791a3fcb27460562aed5b","confusion","Concept"
"8f0a4ce25aa7e4d0cae1db4fb02ee14f93b5f982cc028d2f020819e8ff95eac1","announcement","Concept"
"c4fdb6500e1a59f9b10cab26f886673f04630ec6348aba2d441d74fe9fac653d","ec","Concept"
"a4c86e172162e24bd229adfca0bd3e819948e83ae69672889c6db6224c45f1eb","version","Concept"
"dc9cc02dc34a192b7528c2d0cf5b2e570986cbc9ad823e5488098672c7bd9933","qc groups","Concept"
"0dacf7e78a765565d777181536e5275cac39434e6072f0a9265c4cc4a6cde057","structure","Concept"
"ca6f552b7acfed35cf7da22df4b493783a54b498794b9e45fe76532ac956590c","management","Concept"
"3831d28ef4ae19be44a752105d470c6e23693dceee3bbbeba9768bec585876da","waiting","Concept"
"4492a602321a06fc4a82d9870842e49f3353c37e745b3efab6399a78776e2630","absence","Concept"
"72fe5fab23446a47fe5985194608aacf2d13924480230c6bd72ef910dde06900","shelter","Concept"
"f63e190cae13a1d1f0066d6786977e7c2a367f222a8df1d5b2f5af08375358cb","clearance","Concept"
"c9279a132d47536b0336a0e1a02611be032cb4751b193cabd3224323311ffa7b","screw","Concept"
"1634c784fa153027c547446e46585352adc2b8be709c9aed838409b59700650f","limitation","Concept"
"3d652d06737adbda621be8c29a3836a4a7506ffd8328d99d3c992af54d9a516f","machinery","Concept"
"53ca393f499354ff557c7bad2196f602143aecf9cdf1c20d14f41c4f4f9c3203","labeling","Concept"
"3c7ab2f54b35a2a48ad533ab80082a1a0ce845e9bfe88aa445847a50353a7a75","emailing","Concept"
"919d308f6b53c51a3252af9c30a520610f6b94c6ed4cf89b1a1a3ac7e948c154","forgery","Concept"
"5ec52eaa619db92ff62fb7524b4ad29b7dce0300f87e5f53ce5ec7cfeb6d82fd","16","Concept"
"a71f498abff57c92371d6fc2324e7da469beb726ef3addedc2c32c39f6fce794","questioning","Concept"
"1ba68c67752a0a81364d01903383be84fafe1cff55e5e531c8d9f203060047bd","crate","Concept"
"8eeb7fea7cb6a807e6822888f003f23a851bf1a5a427b87248c330ed8b00ba6c","outreach","Concept"
"fbf12f3908e4cc20411ff1cffbf9e29f2a42a247867d78f333c7f7695674e946","documentation","Concept"
"f255ea964b07246f9b4b48f8f730e0145a8eb4d77d264a80d51ee4214551ec10","order","Concept"
"98c6cbb1648880578c125c14188cf5554dc9e12b6903f8d278b10166fe9ab397","coupons","Concept"
"3e2aecb6f773252180ecb4c238c259a7510a5701c5281907a5270c47aa65efe5","revision","Concept"
"0e23f952c89b72e9f676d581d66f7533543feabd5ebbbb3cf395590c959791e1","discovery","Concept"
"b96cb1c1003e41e5d515745df5e20bb40023f31af694d8c0138f22cc27868b40","document","Concept"
"706896f56b637ba2c9ca6a748f9ac4e141bc17ac38a0d33a8318ef8774bff8f0","voltage","Concept"
"563ccb7303c5a900de7d07a7c68fc363481052db5e3618d348dbf8014e82d8fb","wallet","Concept"
"ab950a69b1058a37dd2295301f14e2a88f321a5f395b1da39f17c5864375a9f3","driver","Concept"
"6cbfc16e3fc78fa621c0629ec85d44b88a3149135ea4a489115a5d2696e559ba","contract","Concept"
"40293509e81e425bada6d6ff73ff04c4e30257963b1d73bca5e143fe15adde7d","versioning","Concept"
"3b555f64e2e09c8340c7030b6bd0ceaeea9600b5d9fec4533c4b48e8c0d15c0d","actions","Concept"
"676436eca3db62e6e3449712f629c0ca810d18adc2a8ad09e1498a89954971f0","place","Concept"
"93178c3a5ea32f22a3c88cdf1261fecb9e0140c1a02bf4f5b654d9afc81def4b","inventory","Concept"
"2dccc492caaeaf3cdd024c005864723cf8bcb2b5b03fb7b762437e248b227715","being","Concept"
"2a1263af422dd80e7ec5e379cdb8f228aaf6fccbe2bc48ebb6873ab179d7d463","fix","Concept"
"0f825407f5f63d9e95c9ca050de6099e3dbb6c68c2310c7c1d88777114ce14c6","appearance","Concept"
"57ef728bbac5b820605747351aabb3b0500130767510a0766c53d54567f83c07","happiness","Concept"
"ae8f3243c37ee142b4100c9c544e5674ec1b8bea22958a5cac7f7e2daee615db","innovation","Concept"
"32e7a5166e9f21d1112ae948d05d85c599bd07aec6e7da93d6feb1ec45341861","attachment","Concept"
"28ee5126226295c1218429325cbd4fc30b08ad5619c4483cb73adfbca44f5302","research","Concept"
"b1b79c6ffd97a0dc8898b79232261d972e328eccef759faa65340aeea4e14563","operator","Concept"
"867dabebab3af6574b3dcc4331855d22d027647908b69153315cc9f456ef1f1c","securing","Concept"
"68900dd4aa9f9a992587b61f9cc4b3e58e1dbd5443dc0b6faa069a60ea1fb5bc","scipp","Concept"
"1ac79bedf0839abaace7baf905536993d96bf9e442c4fc223999e5fb4b1d382f","wire","Concept"
"b35e8d561db50ebd61b37db34a0a22c3331de59173abe80ea8d5290184920227","modification","Concept"
"ad55b8256eb8e2a949ff1f946d6483770a0091380aa0bbbcb76c27b02b0ce9e5","design change","Concept"
"36ab9cf1a664dceaf11948ff5989281c3476d986af6f459594e7199679f1f5dd","worker","Concept"
"5164cd098cc0eb61bcf601389eb9cdd33664110b19fbcdf78e8d17e0e23f1a53","link","Concept"
"ba34ab2528d2935d16bd40fcfc803faeef6fb361247e789f0bc846b4a3a9070b","error","Concept"
"d531784fe908e536fd1aa9eeac9780e02423498e0d87e01d144a613018c07a0e","spending","Concept"
"2386f21ada5e3f235bd35e64cf201d412d87c5b50763d1665538292741a35886","thing","Concept"
"02f22c651735f43276e521314463b2bd8039bab4563aeffd40e5c396f56d2229","ordering","Concept"
"e9b52e83a2497e9656a7b6030ddf5175d54c4f991cacebd04f074ae42e103c3e","person","Concept"
"68e42a0fa446ec464b55d2b0d02ee660cf86aa373e906ea0b69408568f0cc26e","signing","Concept"
"1583e02eb424068b9070ae85e9dca0f3694ba648e3a4453176f67c21c6166307","liability","Concept"
"9820e8d478ddbe58dacc745c77964a6709269456fb3c9b89b9aeb127d8264375","consideration","Concept"
"60be31412c03a2420cab0d6fe755dc2139d85c90e9a4ef7892151daa04c06292","tracking","Concept"
"df05f0993702e3f457eb02f9c6dd6a1f43a29f6910efed93022eecd7d305a4c2","risk","Concept"
"7d9805d431d70f321e7641735a0efa11ec38aef9adeb5715d0fbddce0540e158","drawbacks","Concept"
"0d2278a7edced612a25330e560b705b4793adeb90640bb4e548007a816e064a2","demonstration","Concept"
"a66914c16911e6d992f1f1360deb4ce3f1e41538a92266db38643baa409aa3a8","delegation","Concept"
"08e6d6b09e819dba2fdb43b601ad96c7db9f7967610a7b4eda566e1a440eb21e","module","Concept"
"31e26ff54b36852a089beec450d8b56bf440e9d6e7cdf7a65a0b60d154bcdf1b","clarification","Concept"
"34f2b9f4fda18f0106ac853b56bdcdc67acb90e65795775082db274037860071","humidity","Concept"
"af8ea05e0db7511525c663a46a8d7f3d6c122e6735620799e5d0e0879197c3e0","people","Concept"
"0ac7f16ba3149cb309c5e9d9f04022c2713f9d5a5d27225d7b3c2af1dba3a3b1","programming","Concept"
"ebe860fc0e9b49cfadafcc7de7359f3e0952d1fb28ca641086a23c06961ba5cc","margin","Concept"
"411cdca6eeda9a76eb4421fb27360f801cb7a349e66e327d5c694b6b62c67ba7","goodbyes","Concept"
"aba9e9868d1f1c92e35fb67655b16f7c1f0d7662ae246db57902ce1110970c9e","record","Concept"
"622ee7edbd215f360ede2f86175e98732bbc7a01e3f6c5ebc643c1de0819e7da","assignment","Concept"
"130711a1054d5953ea8968b914418ebf50f8cb0118d0ec066cb104b2bfb1effe","placement","Concept"
"f0cd3fad0abd6870a3a219a1ac7b810d1c2b6463bdb9cc05652cd98c6f796ab2","theft","Concept"
"9e3247e8a52d68a802fe50be5904f4a9024061cd0515ab31109cae6fe39ee888","robustness","Concept"
"98e5edf7ebd5c7798e09313daf0289d6203bf48526d4923ea4c1196988018a55","springs","Concept"
"db4b760862faebe0957f46f410027495726894a95e60c2cc80ca337637cd7fd5","limits","Concept"
"247182cd8fbc0ce1082fd5eb8db002966a2b4a02955ff2716039f5ea1c8567e1","solution","Concept"
"1bfdc4d23b51f35e10bbfef89a2a2840d70aebe143e0ff2fde28ed350550ade6","goodbye","Concept"
"62762f492e0a115726a53d63914d8a5db6a877c92861083dab6fd52f7bca71fc","statesman","Concept"
"2cdbb8fb652e4930fe7c5af2dd75d6d767103f13eee286b1f3c1c4708c698a58","robots","Concept"
"18e03c824d4ad73b609834c8fb6e799db74c06703f977ac241fa8ec0991afdce","pcb","Concept"
"5a93b535c1618ce0a2ea39b4789e69d426648f7303a594306dd6aa5fc1853146","removal","Concept"
"1f17547cc74eb4312d1e869240f15e987976112ae927ba79679cc75ca2d2ef8d","purchase","Concept"
"7d3382a4999d702ef57c0d31b96afc55e9c1237e6e08848f0678e553487ae4e7","setup","Concept"
"0b58efba0a9a95b5e3f9df05ced1a69809725b35c0ee1062d9a2cc4cd2108971","user","Concept"
"c21a0040dc46eb1a8d7e46c7e133c0466a38d6c9c074e97751040956a0d476ba","attach","Concept"
"43a2768162163dc9ce32833807266332759ebe4ca38d75a1d728df40fba8132d","decisions","Concept"
"861fb7eb7b8c0d9383629f3b0323d6b70ca536a073225360ddb9e184ee901ad7","optimization","Concept"
"6d6fb35b4e8208d044367242f2190aca90a6d578cb5b4ea16ea7687ceb16ff0c","specs","Concept"
"c14da22bed2f41e092897c9e6265e1927f42987d5c36ea6ee46254f1104e3311","forces","Concept"
"e83f9b517380ed39c2f605041a3d13628eea7719feb5fe4231957c7f8890e55f","suction","Concept"
"7d9f4d478dfbef70916730c3451cc07a0b9f8ce068e639c0fab73bd07204e6b1","philosophy","Concept"
"78a946775f710eca615d6a4f87252db960784b6072ca550a3bb1bbe954a29f6c","upload","Concept"
"0f07ea1b52b12276118e2bb08bce913c98a1fe8ce031e3fcd7e0f8cfdda7f383","shipping","Concept"
"c61616245c7a5c5786ab7d9be859d54b62cb393994b52b02e23c98aa24e240c9","emotion","Concept"
"6d32477e0a1e4f486aea16ad1941072b75210a3645d7d7aaa9939500674abf3a","democrat","Concept"
"902f64ea508886a915d38d86e073f25feb240b119b1015f82a3ccfc0856dadd5","validity","Concept"
"626fb4178fba44effc5207cb54ae879e923de32046b8bbc7e39ab47f751a325f","data","Concept"
"e8289c0ca8f40177dd860b6bc7635be1483d86f261dad35b4e1eaaf696fb0655","period","Concept"
"49d411870e9ef5c4727f7c9ea7e5b4eddbbbf8b3d43a9af7258c9d1358a0e16b","updates","Concept"
"596ffa609ac3d5d129bcaa91ef5d5661c78ca19b17c091d1d0da34fe9d91d88a","dependence","Concept"
"846a32b3f56e5ef013d767afab679389133536cba66299ed99bc3318fdf8fa39","records","Concept"
"8cd0abe66f9b2eac86061e484beaa7a1a1445318bebdec9e8dfb89ec6e3f1f7c","paper","Concept"
"fe3fd2de2494022da75f3bd194a96f7ee8278b913fd0d130a8720d09184e1c57","workflow","Concept"
"a096bafeaf29b2a8373cec22a106dfbddafe9eb961e3b8b877262bafa53c4798","hybrid","Concept"
"6c21e982e0aaed3504c747e1238622e724fd2724d2f0803e78830bf1aa764ca9","army","Concept"
"60aef7829d40d0a64ed18b5c73c6dc86c5aff120578887fffc8ec2e94fd95996","organizing","Concept"
"5484cc8b5694635f4dfa72aabccb8b2dd744fb24176b4b914097411727423031","endorsement","Concept"
"ad7e6a1039ea9dfc5f6a09eb56fd4086321b66ec60c2df3e2e31f2fd3d5df498","scope","Concept"
"63f7cf4375a2730bee1744f0ee36dad764067519b3d232a1d14051b5be62d20a","regulations","Concept"
"dabff38640f3ca019cde08309b722fcb7e20106449b514c63cc5ff2608e031bd","checklist","Concept"
"538c554615146097f8626a669a513d1ea00925d0640c89289e37d8da544a2314","commitment","Concept"
"86b538fb342c141d2381b789d35842de1bb5a5d4fbc1c8e0c4b5266fee5858f6","discussion","Concept"
"d4fba80f56f51860da4cfb6d41d416a271e36a160b1716807848fdcc3a5e2aa5","electrify","Concept"
"8355e597dc259a35ae6e7b8a2d9314339985de74feaf5d5a684a7097eddddc9d","cleaner","Concept"
"107147378b8af3671376633d5f630fdcd731bc9008033c94fe6cf33ff71cf339","virtue","Concept"
"0f0ee189f7c52f5ff8c2039d6ecf729e9b2dd6c8ee30714fece399c1aa1f6a7c","question","Concept"
"e12425a6aae6c3009b09d3d2ce9d1fe90375e01b9ba36e199d68d3f1c304edb0","product","Concept"
"7e772fb4cc2293e794250fd95ecdb8dbadd88eb01387e73e14f08bbac678a81b","planning","Concept"
"bd3b60a22df0715336e687390ae830f94def9d1286fbbc0ecaabe48624937fdf","function","Concept"
"d698b9f41e1c886e8b2a5467b03bb874a838b6d2a0d24d2d660157002ba4b822","mistake","Concept"
"12cdf9606574406b4100501784f432ca255173ef1f10325f308ba4382d60d539","analysis","Concept"
"e1570abbf8ae7a0e7761be1ee9df7e697d2f4c0998f0bed5e6e5048c46974852","software","Concept"
"73b5ec6275fa4195e7ed44ba6f904c9002d59b04198e4d53ce99c0274a968f2c","gaps","Concept"
"7bbe9da64eafe9e1e9b9350fdcb7004887e2c80474fd03aa1468b1103e8424f7","tool","Concept"
"bea0847ae04c841b4db4aa877fc84c9fd4a1ec2effe644f44e32ac8e542f9b2b","consensus","Concept"
"e71a60b6fe9a204cdb9597decd87f32c4c84d72ff953a9d729ff85adad446382","decoration","Concept"
"cd2dac9ff6c55a88fc7a5f7ce70e25305261238d15656f18011f1124b99a878e","behaviors","Concept"
"a55b5db93b0deec05830ac1e6ea1ef8d7a787c78f836cdf619c1a72ba007e3bb","periodic","Concept"
"912d893f3ae1547a25d06b2c256ee2f9532ea25538f36bb5bda620be8c021dc9","reporting","Concept"
"785741b88b711bc12d0ac8c4406f6c05704b06d217c060f0d61d03a6398e502e","implementation","Concept"
"c6c594a22e0d7b8f9503b274c068f963556683d7037973d7b48f6b7609d03677","female","Concept"
"6c3f399f7f075beba52de80c2ab629f7959912f5a062e164891d7d1732508d1d","optimisation","Concept"
"9d90ad5199968eda965312672f703f7e4ec5171368cda6fa266df03902314006","scientists","Concept"
"ead9b2297ad6fb48d8688a8c8b148861bdd72bea7fbaccc4eed6d92ea3e3f5ad","absorber","Concept"
"716b3c650f4b676f9d565777f5e1ca5dbe63f14152a3412fd2bfeb686d1679f1","integrity","Concept"
"03589e901bc021d660e0a3f1aaaf9ed35e762086b2adaac2ea22df00aea7bd6a","renovation","Concept"
"e9710ec20f4b2f6d08d496129eb9fd32d350fcd50bb6c5d043442ef43c80ff3b","stick","Concept"
"900f8b2f3a9f71587c3695325d6d939e0fb769ce2cc58f65e8fe30a6929a8480","contracting","Concept"
"8aba2579529ecf9376ca1cf3339c0735f8b43dbe26659e94815b6b2729853805","conference","Concept"
"608975d47095e53f3b2596a28f2bce9714706a69c54a49b3faf3bbd4edd78684","paperwork","Concept"
"37de2bcc725de0bc92e818093f2ff131af3b88ca8c2e19c4fe01580f9d7deb3e","recording","Concept"
"8cb58e7f3607123739662774abb513a73087a4ffcab88680f4713f917bc78409","friend","Concept"
"726a254974b38b11b5d4c43acc12420cf31dae6c4ff9f386941a633ad6169042","mark","Concept"
"f4e5f1ba318855fd1d241f76e9820a36a19c574ed33603c7500b4b8d46a1eb41","bond","Concept"
"20a042dc458e41d602d9301757c3530631595dabd4d32f50b5b0c6be4b494f42","joy","Concept"
"ecd4a5995bbbe3fe57891602886d206bcb08887367ca340f9f2843fdf5ef127a","monitoring","Concept"
"79c6bb503f8ff15adb645e5253f2c54ab59729592fd07ccb84e98583e39f137a","seal","Concept"
"f93ef725dafe09d7dca987a35c698be7d555794b93dbd9d4b025ed522c935bb7","aob","Concept"
"75fdb2818419ddee80af93c7e162d7c8eb4b7fd56daf74777d583c1788f6fcea","engineer","Concept"
"eaed2ad3a7b2225dc00589b1d3f7540228875b8953b92d3379cd1c36307f844a","retest","Concept"
"03fff98b8da774f75c9865b111e224dc3f9c43136ce5de6cf9f9dc081904e804","passivity","Concept"
"79a24a6d2367da81be4b5c6295a91ab9d98cb57e0d1084efdfcc143f68e18ee0","metrics","Concept"
"e56ab7e6bdaa95aa51095796b9a224a83c7f26d16bb917f9fe8982a173ea3045","verb","Concept"
"d7f41025891dd9435666bf14c5813aef8504b6d9874fd09a7333d9cda1141460","construction","Concept"
"ead4428a54c0f7c722fcd78f8a4d950eab7b1fbd5931c815a331a1c09646eb6f","critique","Concept"
"584d85bcce58bd971df89882085a2368a559199d40a4b3093c35af60fec7a74d","coils","Concept"
"b5966069b27cad9bf04364c046103bce525d0a82ad956dc3d7db6f2020784e02","uncertainty","Concept"
"c96ce5b001203d336a3c9089d5c4be0ac7e2fa047a703b51b0976fbbb2c814e3","protocol","Concept"
"d67df86b342884fe72b849f1a3e1aa4638447bf002dee604d64056389f97eb75","objects","Concept"
"71c54d7c653d3aa2d2c9e80b5685d9adf70cd2b2f4192e61ccb19caf483addea","integration","Concept"
"5f6ec690c52925b53a482e5edb68a561334f3718ba0422aadb026d54a9fcc33e","compatibility","Concept"
"872b67d8d9fc21dee7c816f8e5fe5eda8e6e621fabca30e1796243dc2a0c0e22","program","Concept"
"f002e5abcb1d4230315294ed1c66ae771cab9637139c6228b763c2183c2ffa13","delay","Concept"
"2d1a27a1eb8cbd4ea77b76fb1aaaaac79efcb26d5784b94bea69764107ddd17f","liaison","Concept"
"a15817246a571b038200384e6e6788099abbcbc09816498926e4179c849997dd","measurements","Concept"
"f6c33ae3e21d911d9159f64528bcbb651309d1b270b30f38a738b4f0bcf17e4b","capital","Concept"
"2d330678745269d5416e96bb62dc3554e0398b63fbb91c140eb34c950409918e","assessment","Concept"
"d95bf4470024539f6d91fc38eadfa657d602bbf992a25986f2f9e87d8e056ea8","presentation","Concept"
"958f7a39200d87acaa93893a9f852009e82faee303700f1f6e7af9f33f7ca02e","sharing","Concept"
"9af1a6405bca227101f69fea8b90efafaf8e8afc3f49fcdc9097a07c19508233","patch","Concept"
"15c3ee81d822b5e76aa6b6db9fd4bc1c09e393ab5a6fe44753caef75c4a10ebc","recruitment","Concept"
"6cdb5bffbef8eeb4ad66af788e47e480a6beb095657972a4f2bb985909b903d9","member","Concept"
"1be072e80cda9f215bec899560553581091616623b2d51686aeace537014fc2b","launch","Concept"
"a07de579f6f5cba4c24f26c2b3455790d585637314538edacd1037da854993ae","cord","Concept"
"70c35a12e1ee02861220390a65d4ea189af94d0c9f260373bab5bb87f8b8963d","team","Concept"
"38966ad627dfac9aaaca9f4ca0ef49e82b967551d63d16380888a323dfd5dc95","diode","Concept"
"7521fc50baeb2fd01ed191698549395ccacd9534cab785173f6415a678a483c1","production","Concept"
"23831843a48c63be9f9473d47da0cbcb01715985961899a5715d7095c78f451f","inquiry","Concept"
"67284b34cdae282d8db832133f3d17467ac11de6a4e6e918bc17949faf58e5e5","restrictions","Concept"
"99f9e8ada21b5e2e325517ecfa399980cfc3102ad529fd763f65a3ac4810e052","teamwork","Concept"
"101e85a7dcd45012be51280d29bfd96a459b7f197177d20a2c1a45fb786f9cce","company","Concept"
"8c68ab8f9e3d55701983f57115ed736fea9ee83e0eff77134a03e652274121f4","carryover","Concept"
"80214b7829ebab097b50987b2180f31da9dc852919dc8d683a1c59351f59973c","discuss","Concept"
"57a498bd8b4557e41cb00d442c4029d7bd79830f5f2205b623bf313a6782297f","database","Concept"
"b60f8a515441308ff9522e802edafd869097afe657fa891d4ae15245aab7b2a7","laboratory","Concept"
"600549dd7a0f7152ec80ae60bad51b49a9cb390ab8f8eb275c98324957de3fe2","leader","Concept"
"060e4f42dfacda1a8315595f1e22267da6fe33a80c01e2f551b19c0d853b02e8","pragmatics","Concept"
"33978b8cd4ea946c230ded7c098b0998f1b30f10120c1de9865300ff5ad82cfb","writing","Concept"
"5e26084b84a335ba55fc72dc2551effaa8c212069ea4fa45e79bde8daa3e343c","review","Concept"
"2d8208e1484044e57d6e81c1bf7896c5f06d1244defe722911ae8a6b9bcadf1e","catalog","Concept"
"e97082e505f4f04cde69226aab6f03c36aebc2a5ac86c6943fbd2e7f6ef5ba70","glue","Concept"
"284350012c6a839fe85474703ecf59cb9f83f802afcf6c446e2446d710e1b746","legacy","Concept"
"8f53a7d39bf63bab1b2bc9cf1855a37760376463c5378b1fb1df5c54e6bb6377","iteration","Concept"
"97384bfb62132c9ca3d0e330c6142702ae1c1593a5b52a05c57fb65f547cfa6b","powerboards","Concept"
"4f77c0ded16bc6db43bedf0f11e59c2dcd5cedfc3d8b29b85c5a1fe618a01934","threat","Concept"
"2065739d7ec99505810f309682781e04ec610840fd7ef77824d257f79e40ff38","request","Concept"
"6d9dccb03b483ab5f8c62de749743acc1efe84bc6b0f6ca8f2ad71cc296d3d9c","barrel","Concept"
"249419b8ef5eba23ed3306717df270fb92ce6c1c4bef130a48e7ef9d9f81c448","material","Concept"
"4e2c820f3b0100efc6545d4320794bee6f6a743c669974858de4c61547b00d90","partnership","Concept"
"67d272b31ef0ac1527123cfd812fdf998a028c8591b037a8c62260d5abd6df51","isolation","Concept"
"de5cceb1325a065255640c29cf310f9286dee23e37a4d444c3f234ad95734c1c","invertebrate","Concept"
"b96829898e6ca821d0484d7f5d0b1d6bec72d33b5efe15d7c5370c21ba57db32","invention","Concept"
"89a608e066fba7bb1042891ebc25898deb62f51a27f31b2688ff1a7a1f278928","presenters","Concept"
"cd2d2f380f0bb8bb00bac4d936717ed5d88971fa9a0e3ff350e9b1ed8170baef","bug","Concept"
"f2fc9b44617c427cbdebc5bcd917a3b5c4b92e5fa29c489220ca6d0739e29249","evaluation","Concept"
"d83fdd35f511c9b43809e302235a81efb836766a0204d4d25efa7ef44d5a3b14","assurance","Concept"
"548e768544c744a6a54ecc644f3525287538bbc79cc6bc4dae61b9ae2bc89b8d","fluctuation","Concept"
"7a5572d6c3442d89df50ff1f5c1cdd96a9a3eaf9eaf11aca13b1bf9b055528c3","inaction","Concept"
"c2120ee50c052376300b0bc728a681c5d4a7f4276ddcd081f3d644425514cd07","reliability","Concept"
"343b204ac6889c3ed4c0a5ea15458ccfc9b8fdfcff384ccaf3616812f537b649","parts","Concept"
"4624ddbb524d338c94a39a361aa607161d58239383a8034d0e4099b89dfd8f3f","instruction","Concept"
"53e3ad797fe675cd78d05226900f793efab95edd39002cd1c8f0d2e8fddf4839","responsibility","Concept"
"08e948125e2418bb8a4a782a4b3b7359e84a49b100ebbacddb722c8b131c880d","procedure","Concept"
"cf01b554a2191561ba5016744d69020bb3f9631b48761b3d4b54494d4edd395e","sample","Concept"
"faaaafe4e1315e8dccfc92544c8e30f3649a8f9c1863feb756ddf71fd7f66eb5","watching","Concept"
"cd3004f22b4315db09b6f15013c37c880b75cfd570bb228edbb3b6139385708c","equipment","Concept"
"beda04024a3a5e519e47df1507b2b428fc9a2f384da1146d772bb9a944deffc8","danger","Concept"
"7505a948fbbf324b2d964a8c1aeebaa9b50f0f64614b691384c4b2c50c3665df","craig","Concept"
"f315bad391c1044ed013cfe1875124d608f05c73e4d2b543d7c53c0e26b1a154","explanation","Concept"
"568758596605e31b84cb40d1b35c52d71d812c694b86ea1671042b1416923ead","bonding","Concept"
"90af635d95647dad4c78826de88c9d1bba09120bffed1519d6b10efcccd8ebdd","electronics","Concept"
"460b82f6fd14036592410db486d311e4275fae23d9ab4215c75c083d434badfe","feedback","Concept"
"f05597ac52d26ea4bf2785138f120bec9cbbe1424a5b8f89a6e8f6aed834f5aa","moves","Concept"
"189639a83f3b8a27c1f07d1ecc2df4fe36894d4d7a95fae5a779b548a9db75a2","sampling","Concept"
"1d3768d919bb8c59cbe107382ff640eb4639ba36bda3bae0539de6716c63e359","pricing","Concept"
"38f8747d7411d259808dc9e26037fbcfb64ed66ba190f8ca1fc6da9db7f8fb90","range","Concept"
"16be943204d80fdcb83eacb1a4b350b90566e982572e220d3f5f55cba0c934d7","holder","Concept"
"a33ce21468d7d26742b7c17b68d5634b0cc945b0aa28597df21a2d2e5504862e","rfid","Concept"
"dd0dd8cfeea3d1956b3ce2f948cf6e4d30a262fd906a465680a004cfec0d46e3","research center","Concept"
"1d95f0347ca23cc8feac6b2c7482f23e1736cedbc3462b0b5a2d80623e9b854c","postponement","Concept"
"e1cf82c5bada6ee9046a116dd1f21fd30aec83f14f34a693dd6ca7eae62e0256","area","Concept"
"1e2ec2fc28f8095534b48a8d143157bded018a19015f0f47c77ca87982a0e183","following","Concept"
"444ccf30034e058e5c9dc42bd34ca09b5e85b50200a140e98d9aedfed8f9c163","specialist","Concept"
"7c4c46234a0794aeed7858a77e90b3648eff198437306f5b730de42606a45e7e","individual","Concept"
"246af7cd1e630f1e43cfc1518350b79174b1d3acba838cee621d00bc7a54e329","tooling","Concept"
"80c89e5f75e9c6833bfb9983b04b9ceaf5b7ea78cd7b64ee35f851a603924591","glitch","Concept"
"3483b1feb5217804cb4eacf11c4ab66da9f8e1f8710aa5c8444a6a942af3f6f1","directive","Concept"
"340423952fa736b3ff7ed6cedbc4d03a4d64df07e4bcc13b675170410d47b3aa","introduction","Concept"
"0b7e5ec6dacf67797efca261df395e9e1b71c5ff57b5ef5c49a01bf4b4e475c7","debt","Concept"
"72873113e6b011ea7037e17604029468c806b0973ef74c499d5fb469b65a69ed","training","Concept"
"c086bb47112216d6dc3743266ab06e4a3488623bcb8f6d8bdce6c02a8af9f112","sticking","Concept"
"72e07ac7bffc5912536bd21c369a3f7ae2d29dc8f539b31e06f319b696ac40d6","power","Concept"
"dab45fb5f12b365e6762309474caf1daac629087238ef2d6c2247d8b1221c0f8","sending","Concept"
"d8e66ba6da235c05ad86fbe4f90453bd005f3b708049ab7f6836b09db494b262","panel","Concept"
"8cbfebfa699ba5216fe74424ad6fcfd1450ecbef971b5987a6e45663ccad86d7","security","Concept"
"7d2aac8fb72cd51a5596c3adebec0225d54d0e887115d0634240e0123ed41b54","command","Concept"
"83b9926bfa7c138f5d98b35987c9e2f446354b031938a1500dbd5a3e59b05a43","extension","Concept"
"b18a9b1f61340e81bb54cdc93ffe978cc68c6186f87f45eb2c4529a26b5da914","vessel","Concept"
"a711de2508d8995077361d5dd72130678e90abd623b8f47809c61591f21177ff","blueprint","Concept"
"3e65bb29371a345542c5fea7854f853ea5eff8924220711f7772ed39be1511d2","schedule","Concept"
"8fa0f9bc0d3c65196dac2cfcdfd9a027bc7454e591eafc39e1a9bf6f99baa4c7","converter","Concept"
"1e87c579722622b5548c82bd5753972c9ad60d2565e0dd8af826130bf94eedd2","powerboard","Concept"
"f6d96e62e96e6df2eb1515365cdf1da9811ca7e992abe2111442e5e71ecfc1aa","substance","Concept"
"80aa7ca7af8c964812472412a3cee5932544c0546155a7276befd5b1e220a9dc","regret","Concept"
"e51617c4d937303ef7f6aad5f7b68f03d747067536207cc7eb2b3ded47ccfb71","event","Concept"
"1653ac739f5afc3c92076fdef200f925927e64858c22ea03cb7631d878024910","files","Concept"
"1805a182645cd64ea9a23a57785cbcebd8ea19044cb4bafd83dbdf1f75f58052","approval","Concept"
"eca701749412bb901d2af12147175ae9355964d5dc21625d3040040e5839d98a","gas","Concept"
"b786b557e2d335544160b24f861d61fe64ccd289c9a954fd6ac9f6f36eaea40c","emptier","Concept"
"2f162c9d7c715f3b2f7eaf16bc96b2afcc5eebee61ae5b1af4210f05a89305f9","writer","Concept"
"70522c4ecd3d60c9b4549ebdf6687594918d85e5034c207175285ed55829cc5d","octopus","Concept"
"bcd5f093cfc015b7345e9fa1d2e573b068fdcefec87e0958d46c2556d3c00594","lesson","Concept"
"853a8646c73ecde294e61ee4e8ab3fb62675200d540ec79bfbc18387f14b1069","description","Concept"
"06460f383ef0d9a89e21442ad65a40ff9795cc2ef316ebe4958b4516e5ff684c","transfer","Concept"
"e782d3d62dff8530fe99702494d1623e482bb35bbe7fd12e0a9317cf91afd35f","enclosure","Concept"
"c05751c055caa238cd57846149bef1676feb583b4a22a74cca9cd43eac2aae25","emptiness","Concept"
"ca869d13a8f2c62f7928ce5849c603a249692182221d055f9a8427cc3b1bf8c1","compliance","Concept"
"d19d6c04e4e69bdcbeb7bd5fa500f6f18258da4f05a27be45b1699ca93ca7713","test","Concept"
"74ce2973cddbe653cc68f0d51a59ec4d9b389622f731870dab21d2a07545c096","teams","Concept"
"c1c09b9d9ae57a9acbb6f6de13ccbebb1d361fa4283fb4d568ffcd44be1e8e89","quiet","Concept"
"8cea62ed19cee2be5c55e4e885b1a0a620bb211c54058e97617bbfbb8cd8424e","condition","Concept"
"1ff6a536137d72c46381669f38fc5751e7b72349b2f03442810bfdf998716ff6","train","Concept"
"2a5b5342de8fc1a1c26128b8dec1dde96e9af654a31a8954940648350c2edaef","shock","Concept"
"7d7c5f99c17bcb3e9e1e2c76074d26731af7b8df512d7b7a75c1cb8ccdf049a3","experiment","Concept"
"63a1cdc556c9e5a109dfb77b36ad54dbcf62e681c4efdd4dc3439c6ca8ec357c","exams","Concept"
"3a83e203218c9f02a21a2a0d52ed848c876e958ae52d646be00d288580292167","stencil","Concept"
"33ddda126fbd40d18b7247ef94ca3b591f673c5506b02450d8e389ec3ef8b223","blame","Concept"
"33def30c8a6ed6c998bc7faa9a7deb120d13b0cf7961a00d33618b7bf55b6db3","pocket","Concept"
"a0c64d4455bf47ba173be521743cab4384cef6f03cfe704b32ce9b9409c75a78","transport","Concept"
"895089b308ed72472b259f038a57eb460db301730b9da4eec789b394944b8a2b","name","Concept"
"c6e545ee3b0db96732d419b72af00144bec22f0cceacf7e852915d313f8e766a","obligation","Concept"
"ed1525e4643634690facec469661927dfa2369d5957716107406cef72c676da0","task","Concept"
"3ab6690668cae451fbb3c644eb69771b9167c7a9dd98ef019573c8a5b5f9b103","plagiarism","Concept"
"e2295454f715e738107bd8b5f26471fccd10397645de74c996dbcb521d67ca2c","deal","Concept"
"0f3b93c8c821fdc6922eb9b583d39112b2631324d90887812211edbd8947fb88","uploading","Concept"
"0b7db2ee8ad7178571e7e24a8e8b6883b5a2eaba203b2cd959b04cb6b66edb6e","consequences","Concept"
"918663674f1491b7bd431eee78169b3ea8b75c131372f8e1afc92d5d9349599a","gathering","Concept"
"7a6a3e2984924a54ef13c8e6bd493367d57a683f74b2318df95deaa1bc73468a","trick","Concept"
"d71517496c162aff878cea6424834734119457f65125bdd7c8880541fd09386b","collective","Concept"
"f8da4fc1dbc4391a7840c12b4e7b12ee700e5f4c95a1cc86dda3cc15233c8e43","convenience","Concept"
"34f5ed8070d8e9dde1698898fe92ffd205e7f65485f6170f20769b9d1305ed9f","promise","Concept"
"d1d4b75fa4e8f7c7213057735fd3cbfb2184ff681c6a9a08cfa626c8142b5ec0","examination","Concept"
"00fcab9361022a9ed7a9e44d25b2250131a05c056918bed678fc0d9c42f7b9b5","file","Concept"
"e12913a6dd6692d975fbef7a7146b28e6df35e98f0ecaf4b77196b3ebe39cf3f","testing","Concept"
"2c7bbf9756fbbcc1a0590cc9f2f1d4b2c9e05f00c65dee5f22d6b6d3043c0607","quality control","Concept"
"64a46996bb7f32bb9409f0302671c6e52392ab42c1237fa61867b3655d2d0667","adhesive","Concept"
"01abae03c31dd446d25f5c99b5f38e734c4e6e75fb2526c8d283602fdd327bb5","negation","Concept"
"c67097998dd4b4e1c25042dd347f4dffb7477ed1241da5673cd8730750eb85ea","misprint","Concept"
"926c17a61abc96142d1bfc6db153803cf70ee0b6337d16454aaac2a7059517a7","installation","Concept"
"1a38a140964b64a9c5c27c1eae307140a9c2beb756ef666c7fbb328a1b47cde7","qc discussion","Concept"
"f21b8bf7cbf142db5b83af45dec58cdc7c3f3b17d5ef30c33b39cb3f7c931be3","information","Concept"
"98a5b0e259bf9a534bf2dac489ccc2386d5165cb55804646947bdafcf184b623","guidelines","Concept"
"1497e9072bdc25969b954031c19a7e073022e19f14a3769626799ab622c967b9","followups","Concept"
"518793464c9334d6da4f75b682258e727f692c5f9e5f63208988cb59130f0375","demand","Concept"
"b6a6e87096d0e46e86ff3b158b39516884b47203b42e1c9b353497803bdfa3ef","display","Concept"
"99330c5882ad6c06959cee7ff18cc2f026677a4cd60609a90f4a0902691e50e7","workplace","Concept"
"97ba74003ae9a38c189293dae9a5d002d3729a573226c1d7ec01a9e967c9ca7e","follower","Concept"
"6cffce8e22f4f081365768ceb83c6e0adfa99a243a0343f2dc51140e152139d6","group","Concept"
